-- --------------------------------------------------------
-- Host:                         127.0.0.1
-- Server version:               10.4.32-MariaDB - mariadb.org binary distribution
-- Server OS:                    Win64
-- HeidiSQL Version:             12.6.0.6765
-- --------------------------------------------------------

/*!40101 SET @OLD_CHARACTER_SET_CLIENT=@@CHARACTER_SET_CLIENT */;
/*!40101 SET NAMES utf8 */;
/*!50503 SET NAMES utf8mb4 */;
/*!40103 SET @OLD_TIME_ZONE=@@TIME_ZONE */;
/*!40103 SET TIME_ZONE='+00:00' */;
/*!40014 SET @OLD_FOREIGN_KEY_CHECKS=@@FOREIGN_KEY_CHECKS, FOREIGN_KEY_CHECKS=0 */;
/*!40101 SET @OLD_SQL_MODE=@@SQL_MODE, SQL_MODE='NO_AUTO_VALUE_ON_ZERO' */;
/*!40111 SET @OLD_SQL_NOTES=@@SQL_NOTES, SQL_NOTES=0 */;

-- Dumping data for table kientrucdb.accounts: ~29 rows (approximately)
INSERT INTO `accounts` (`mat_khau`, `vai_tro`, `ten_tai_khoan`) VALUES
	('0220a15d490108ecfbe0d27efba8cd8e', 'student', 2),
	('12345678', 'student', 1),
	('1f505a981f5c754c4d83fbc4b097b918', 'student', 13),
	('202cb962ac59075b964b07152d234b70', 'admin', 16),
	('22d8c969d2227b3aae5322a8a87c6346', 'student', 6),
	('250cf8b51c773f3f8dc8b4be867a9a02', 'admin', 17),
	('290787d72ae2c46f6c9eefece7dbdeb5', 'student', 11),
	('37b496c1fc67974e5ffd5c956082dbfc', 'admin', 29),
	('3b9ad154c1025e77cb0b75154943d3f4', 'student', 9),
	('3e0101ecf0d8427cf14f3f6dc2f0282d', 'admin', 24),
	('45a57eaca6344f8a8ee8962d90c2137e', 'student', 7),
	('46d045ff5190f6ea93739da6c0aa19bc', 'admin', 21),
	('54e516bd2097ec9252558d24f4267772', 'student', 12),
	('63e3e31e0e986a9cc716014a9790627b', 'student', 8),
	('650e30139ebc19b3255a19ceb321a143', 'admin', 27),
	('6562c5c1f33db6e05a082a88cddab5ea', 'admin', 20),
	('68053af2923e00204c3ca7c6a3150cf7', 'admin', 18),
	('68dec31102a3819e0adbfdbb4e2033fd', 'student', 5),
	('6d835a98c2d9c1859e28043d68789fd3', 'student', 14),
	('7c90dee826557e9a536a59daf64bf87c', 'student', 3),
	('81dc9bdb52d04dc20036dbd8313ed055', 'admin', 19),
	('827ccb0eea8a706c4c34a16891f84e7b', 'admin', 22),
	('b2130cc690a15a0ed214904cfa7460d0', 'admin', 26),
	('c611a9af5a1c5d618502a7d9394572f4', 'admin', 28),
	('e10adc3949ba59abbe56e057f20f883e', 'admin', 23),
	('e35cf7b66449df565f93c607d5a81d09', 'admin', 25),
	('ed10a2abba5ea0d34157e1ccdf96d2fb', 'student', 15),
	('f004ef1ccb6262676e478d5ce3311982', 'student', 10),
	('f4ccc5c7d46f3b19b90b724d6d786d6f', 'student', 4);

-- Dumping data for table kientrucdb.administrators: ~14 rows (approximately)
INSERT INTO `administrators` (`so_nam_cong_tac`, `user_id`) VALUES
	(10, 16),
	(12, 17),
	(5, 18),
	(7, 19),
	(8, 20),
	(6, 21),
	(9, 22),
	(7, 23),
	(11, 24),
	(12, 25),
	(8, 26),
	(9, 27),
	(6, 28),
	(5, 29);

-- Dumping data for table kientrucdb.classes: ~25 rows (approximately)
INSERT INTO `classes` (`class_id`, `si_so_hien_tai`, `si_so_toi_da`, `ten_lop`, `trang_thai`, `administrator_id`, `course_id`, `teacher_id`) VALUES
	(1, 0, 45, 'DHKTPM17C', 'Chờ sinh viên đăng ký', 18, 12, 1),
	(2, 0, 45, 'DHKTPM17B', 'Chờ sinh viên đăng ký', 18, 12, 1),
	(3, 0, 45, 'DHKTPM17A', 'Chờ sinh viên đăng ký', 18, 12, 1),
	(4, 45, 45, 'DHTH17C', 'Đã khóa lớp', 25, 1, 12),
	(5, 45, 45, 'DHTH17B', 'Đã khóa lớp', 25, 2, 11),
	(6, 45, 45, 'DHTMDT17A', 'Đã khóa lớp', 21, 3, 15),
	(7, 45, 45, 'DHDTVT17C', 'Đã khóa lớp', 18, 4, 1),
	(8, 45, 45, 'DHTH17A', 'Đã khóa lớp', 18, 5, 13),
	(9, 45, 45, 'DHDL17A', 'Đã khóa lớp', 28, 6, 14),
	(10, 45, 45, 'DHCK17A', 'Đã khóa lớp', 23, 7, 16),
	(11, 0, 45, 'DHCNTT17A', 'Chờ sinh viên đăng ký', 18, 11, 2),
	(12, 0, 45, 'DHCNTT17B', 'Chờ sinh viên đăng ký', 18, 11, 2),
	(13, 0, 45, 'DHCNTT17C', 'Chờ sinh viên đăng ký', 18, 11, 2),
	(14, 0, 45, 'DHTC18A', 'Chờ sinh viên đăng ký', 20, 10, 7),
	(15, 0, 45, 'DHTC18B', 'Chờ sinh viên đăng ký', 20, 10, 7),
	(16, 0, 45, 'DHTC18C', 'Chờ sinh viên đăng ký', 20, 10, 7),
	(17, 0, 45, 'DKAV18A', 'Chờ sinh viên đăng ký', 20, 9, 8),
	(18, 0, 45, 'DKAV18B', 'Chờ sinh viên đăng ký', 20, 9, 9),
	(19, 0, 45, 'DKAV18C', 'Chờ sinh viên đăng ký', 20, 9, 10),
	(20, 0, 45, 'DHKT16A', 'Chờ sinh viên đăng ký', 28, 13, 14),
	(21, 0, 45, 'DHKT16B', 'Chờ sinh viên đăng ký', 28, 13, 14),
	(22, 0, 45, 'DHKT16C', 'Chờ sinh viên đăng ký', 28, 13, 14),
	(23, 0, 45, 'DHKTCT17A', 'Chờ sinh viên đăng ký', 20, 18, 16),
	(24, 0, 45, 'DHKTCT17B', 'Chờ sinh viên đăng ký', 20, 18, 16),
	(25, 0, 45, 'DHKTCT17C', 'Chờ sinh viên đăng ký', 20, 18, 16);

-- Dumping data for table kientrucdb.courses: ~83 rows (approximately)
INSERT INTO `courses` (`course_id`, `hoc_phi`, `so_tin_chi`, `ten_mon_hoc`, `course_opening_id`) VALUES
	(1, 2640000, 4, 'Giáo dục Quốc phòng và An ninh 1', NULL),
	(2, 1320000, 2, 'Giáo dục thể chất 1', NULL),
	(3, 1320000, 2, 'Kỹ năng làm việc nhóm', NULL),
	(4, 2080000, 2, 'Nhập môn lập trình', NULL),
	(5, 1320000, 2, 'Nhập môn tin học', NULL),
	(6, 1320000, 2, 'Toán cao cấp 1', NULL),
	(7, 1980000, 3, 'Triết học Mác - Lênin', NULL),
	(8, 0, 0, 'Chứng chỉ Tiếng Anh', NULL),
	(9, 2640000, 4, 'Giáo dục quốc phòng và an ninh 2', NULL),
	(10, 1320000, 2, 'Giáo dục thể chất 2', NULL),
	(11, 3020000, 4, 'Hệ thống máy tinh', NULL),
	(12, 2360000, 3, 'Kỹ thuật lập trình', NULL),
	(13, 1980000, 3, 'Logic học', NULL),
	(14, 1980000, 3, 'Toán ứng dụng', NULL),
	(15, 1980000, 3, 'Hàm phức và phép biến đổi Laplace', NULL),
	(16, 1980000, 3, 'Phương pháp tính', NULL),
	(17, 1980000, 3, 'Vật lý đại cương', NULL),
	(18, 1320000, 2, 'Kinh tế chính trị Mác - Lênin', NULL),
	(19, 3050000, 4, 'Cấu trúc dữ liệu và giải thuật', NULL),
	(20, 1980000, 3, 'Cấu trúc rời rạc', NULL),
	(21, 3050000, 4, 'Hệ cơ sở dữ liệu', NULL),
	(22, 1980000, 3, 'Kỹ năng xây dựng kế hoạch', NULL),
	(23, 2450000, 3, 'Lập trình hướng đối tượng', NULL),
	(24, 1320000, 2, 'Lịch sử Đảng Cộng sản Việt Nam', NULL),
	(25, 1320000, 2, 'Toán cao cấp 2', NULL),
	(26, 1980000, 3, 'Tiếng anh 2', NULL),
	(27, 1980000, 3, 'Giao tiếp kinh doanh', NULL),
	(28, 1980000, 3, 'Quản trị doanh nghiệp', NULL),
	(29, 1980000, 3, 'Môi trường và con người', NULL),
	(30, 1980000, 3, 'Quản trị học', NULL),
	(31, 1980000, 3, 'Kế toán cơ bản', NULL),
	(32, 1980000, 3, 'Kỹ năng sử dụng bàn phím và thiết bị văn phòng', NULL),
	(33, 2390000, 3, 'Hệ quản trị cơ sở dữ liệu NoSQL MongoDB', NULL),
	(34, 2390000, 3, 'Hệ Thống và Công nghệ Web', NULL),
	(35, 3050000, 3, 'Lập trình hướng sự kiện với công nghệ Java', NULL),
	(36, 1980000, 3, 'Mạng máy tính', NULL),
	(37, 2390000, 3, 'Phân tích thiết kế hệ thống', NULL),
	(38, 1980000, 3, 'Tiếng Anh 1', NULL),
	(39, 1980000, 3, 'Tương tác người máy', NULL),
	(40, 3490000, 4, 'Lập trình hướng sự kiện với công nghệ .NET', NULL),
	(41, 3050000, 3, 'Hệ quản trị cơ sở dữ liệu', NULL),
	(42, 3050000, 3, 'Thương mại điện tử', NULL),
	(43, 3490000, 4, 'Lập trình GUI với Qt Framework', NULL),
	(44, 2070000, 3, 'Lý thuyết đồ thị', NULL),
	(45, 1380000, 2, 'Chủ nghĩa xã hội khoa học', NULL),
	(46, 2070000, 3, 'Mô hình hóa dữ liệu NoSQL MongoDB', NULL),
	(47, 2450000, 3, 'Phát triển ứng dụng', NULL),
	(48, 1380000, 2, 'Phương pháp luận nghiên cứu khoa học', NULL),
	(49, 2070000, 3, 'Hội họa', NULL),
	(50, 2070000, 3, 'Xã hội học', NULL),
	(51, 2070000, 3, 'Âm nhạc - Nhạc lý và Guitar căn bản', NULL),
	(52, 2070000, 3, 'Tiếng Việt thực hành', NULL),
	(53, 2070000, 3, 'Tâm lý học đại cương', NULL),
	(54, 2070000, 3, 'Cơ sở văn hóa Việt Nam', NULL),
	(55, 2070000, 3, 'Nhập môn an toàn thông tin', NULL),
	(56, 2450000, 3, 'Thống kê máy tính và ứng dụng', NULL),
	(57, 2070000, 3, 'Công nghệ phần mềm', NULL),
	(58, 2070000, 3, 'Những vấn đề xã hội và đạo đức nghề nghiệp', NULL),
	(59, 2070000, 3, 'Kỹ thuật điện tử', NULL),
	(60, 2390000, 3, 'Lập trình phân tích dữ liệu 1', NULL),
	(61, 2450000, 3, 'Khai thác dữ liệu và ứng dụng', NULL),
	(62, 2450000, 3, 'Lập trình phân tán với công nghệ Java', NULL),
	(63, 2450000, 3, 'Lập trình phân tán với công nghệ .NET ', NULL),
	(64, 2450000, 3, 'Lập trình mạng với Qt Framework', NULL),
	(65, 3490000, 4, 'Lập trình thiết bị di động', NULL),
	(66, 1380000, 2, 'Pháp luật đại cương', NULL),
	(67, 2070000, 3, 'Đảm bảo chất lượng và Kiểm thử phần mềm', NULL),
	(68, 3490000, 4, 'Lập trình WWW (Java)', NULL),
	(69, 3490000, 4, 'Phát triển ứng dụng Web với Qt Engine', NULL),
	(70, 3490000, 4, 'Lập trình WWW (.NET)', NULL),
	(71, 3490000, 4, 'Lập trình IoTs', NULL),
	(72, 1380000, 2, 'Tư tưởng Hồ Chí Minh', NULL),
	(73, 3140000, 4, 'Kiến trúc và thiết kế phần mềm', NULL),
	(74, 3070000, 3, 'Công nghệ mới trong phát triển ứng dụng CNTT', NULL),
	(75, 2070000, 3, 'Automat & ngôn ngữ hình thức', NULL),
	(76, 3070000, 3, 'Nhập môn dữ liệu lớn', NULL),
	(77, 3070000, 3, 'Lập trình phân tích dữ liệu 2', NULL),
	(78, 2070000, 3, 'Tiếp thị điện tử', NULL),
	(79, 3070000, 3, 'Kiến trúc hướng dịch vụ và Điện toán đám mây', NULL),
	(80, 3070000, 3, 'Lập trình thiệt bị di động nâng cao', NULL),
	(81, 2450000, 2, 'Quản lý dự án CNTT', NULL),
	(82, 3550000, 5, 'Thực tập doanh nghiệp', NULL),
	(83, 5680000, 8, 'Khóa luận tốt nghiệp', NULL);

-- Dumping data for table kientrucdb.courses_mon_tien_quyet: ~37 rows (approximately)
INSERT INTO `courses_mon_tien_quyet` (`course_course_id`, `mon_tien_quyet_course_id`) VALUES
	(12, 4),
	(18, 7),
	(19, 4),
	(21, 5),
	(23, 4),
	(26, 38),
	(37, 21),
	(33, 21),
	(39, 11),
	(41, 21),
	(35, 23),
	(43, 4),
	(44, 20),
	(45, 7),
	(45, 18),
	(46, 33),
	(55, 11),
	(57, 23),
	(57, 21),
	(62, 35),
	(62, 33),
	(63, 33),
	(63, 40),
	(61, 21),
	(64, 43),
	(67, 57),
	(68, 34),
	(68, 62),
	(69, 64),
	(70, 34),
	(70, 63),
	(73, 37),
	(75, 20),
	(76, 21),
	(77, 21),
	(77, 56),
	(80, 65);

-- Dumping data for table kientrucdb.course_chuyen_nganh: ~166 rows (approximately)
INSERT INTO `course_chuyen_nganh` (`course_course_id`, `chuyen_nganh`) VALUES
	(1, 'SE'),
	(1, 'DS'),
	(2, 'SE'),
	(2, 'DS'),
	(3, 'SE'),
	(3, 'DS'),
	(6, 'SE'),
	(6, 'DS'),
	(8, 'SE'),
	(8, 'DS'),
	(9, 'SE'),
	(9, 'DS'),
	(10, 'SE'),
	(10, 'DS'),
	(12, 'SE'),
	(12, 'DS'),
	(13, 'SE'),
	(13, 'DS'),
	(14, 'SE'),
	(14, 'DS'),
	(15, 'SE'),
	(15, 'DS'),
	(16, 'SE'),
	(16, 'DS'),
	(17, 'SE'),
	(17, 'DS'),
	(19, 'SE'),
	(19, 'DS'),
	(22, 'SE'),
	(22, 'DS'),
	(24, 'SE'),
	(24, 'DS'),
	(25, 'SE'),
	(25, 'DS'),
	(26, 'SE'),
	(26, 'DS'),
	(27, 'SE'),
	(27, 'DS'),
	(28, 'SE'),
	(28, 'DS'),
	(29, 'SE'),
	(29, 'DS'),
	(30, 'SE'),
	(30, 'DS'),
	(31, 'SE'),
	(31, 'DS'),
	(32, 'SE'),
	(32, 'DS'),
	(36, 'SE'),
	(36, 'DS'),
	(38, 'SE'),
	(38, 'DS'),
	(39, 'SE'),
	(39, 'DS'),
	(41, 'SE'),
	(41, 'DS'),
	(42, 'SE'),
	(42, 'DS'),
	(44, 'SE'),
	(44, 'DS'),
	(45, 'SE'),
	(45, 'DS'),
	(7, 'SE'),
	(7, 'DS'),
	(18, 'SE'),
	(18, 'DS'),
	(46, 'SE'),
	(46, 'DS'),
	(47, 'SE'),
	(47, 'DS'),
	(48, 'SE'),
	(48, 'DS'),
	(49, 'SE'),
	(49, 'DS'),
	(50, 'SE'),
	(50, 'DS'),
	(51, 'SE'),
	(51, 'DS'),
	(52, 'SE'),
	(52, 'DS'),
	(53, 'SE'),
	(53, 'DS'),
	(54, 'SE'),
	(54, 'DS'),
	(55, 'SE'),
	(55, 'DS'),
	(11, 'SE'),
	(11, 'DS'),
	(58, 'SE'),
	(58, 'DS'),
	(59, 'SE'),
	(59, 'DS'),
	(60, 'SE'),
	(60, 'DS'),
	(61, 'SE'),
	(61, 'DS'),
	(66, 'SE'),
	(66, 'DS'),
	(67, 'SE'),
	(67, 'DS'),
	(57, 'SE'),
	(57, 'DS'),
	(68, 'SE'),
	(68, 'DS'),
	(62, 'SE'),
	(62, 'DS'),
	(35, 'SE'),
	(35, 'DS'),
	(23, 'SE'),
	(23, 'DS'),
	(69, 'SE'),
	(69, 'DS'),
	(64, 'SE'),
	(64, 'DS'),
	(43, 'SE'),
	(43, 'DS'),
	(4, 'SE'),
	(4, 'DS'),
	(70, 'SE'),
	(70, 'DS'),
	(34, 'SE'),
	(34, 'DS'),
	(63, 'SE'),
	(63, 'DS'),
	(33, 'SE'),
	(33, 'DS'),
	(40, 'SE'),
	(40, 'DS'),
	(71, 'SE'),
	(71, 'DS'),
	(72, 'SE'),
	(72, 'DS'),
	(73, 'SE'),
	(73, 'DS'),
	(37, 'SE'),
	(37, 'DS'),
	(74, 'SE'),
	(74, 'DS'),
	(75, 'SE'),
	(75, 'DS'),
	(20, 'SE'),
	(20, 'DS'),
	(76, 'SE'),
	(76, 'DS'),
	(77, 'SE'),
	(77, 'DS'),
	(21, 'SE'),
	(21, 'DS'),
	(56, 'SE'),
	(56, 'DS'),
	(5, 'SE'),
	(5, 'DS'),
	(78, 'SE'),
	(78, 'DS'),
	(79, 'SE'),
	(79, 'DS'),
	(80, 'SE'),
	(80, 'DS'),
	(65, 'SE'),
	(65, 'DS'),
	(81, 'SE'),
	(81, 'DS'),
	(82, 'SE'),
	(82, 'DS'),
	(83, 'SE'),
	(83, 'DS');

-- Dumping data for table kientrucdb.course_khoa: ~83 rows (approximately)
INSERT INTO `course_khoa` (`course_course_id`, `khoa`) VALUES
	(1, 'CNTT'),
	(2, 'CNTT'),
	(3, 'CNTT'),
	(6, 'CNTT'),
	(8, 'CNTT'),
	(9, 'CNTT'),
	(10, 'CNTT'),
	(12, 'CNTT'),
	(13, 'CNTT'),
	(14, 'CNTT'),
	(15, 'CNTT'),
	(16, 'CNTT'),
	(17, 'CNTT'),
	(19, 'CNTT'),
	(22, 'CNTT'),
	(24, 'CNTT'),
	(25, 'CNTT'),
	(26, 'CNTT'),
	(27, 'CNTT'),
	(28, 'CNTT'),
	(29, 'CNTT'),
	(30, 'CNTT'),
	(31, 'CNTT'),
	(32, 'CNTT'),
	(36, 'CNTT'),
	(38, 'CNTT'),
	(39, 'CNTT'),
	(41, 'CNTT'),
	(42, 'CNTT'),
	(44, 'CNTT'),
	(45, 'CNTT'),
	(7, 'CNTT'),
	(18, 'CNTT'),
	(46, 'CNTT'),
	(47, 'CNTT'),
	(48, 'CNTT'),
	(49, 'CNTT'),
	(50, 'CNTT'),
	(51, 'CNTT'),
	(52, 'CNTT'),
	(53, 'CNTT'),
	(54, 'CNTT'),
	(55, 'CNTT'),
	(11, 'CNTT'),
	(58, 'CNTT'),
	(59, 'CNTT'),
	(60, 'CNTT'),
	(61, 'CNTT'),
	(66, 'CNTT'),
	(67, 'CNTT'),
	(57, 'CNTT'),
	(68, 'CNTT'),
	(62, 'CNTT'),
	(35, 'CNTT'),
	(23, 'CNTT'),
	(69, 'CNTT'),
	(64, 'CNTT'),
	(43, 'CNTT'),
	(4, 'CNTT'),
	(70, 'CNTT'),
	(34, 'CNTT'),
	(63, 'CNTT'),
	(33, 'CNTT'),
	(40, 'CNTT'),
	(71, 'CNTT'),
	(72, 'CNTT'),
	(73, 'CNTT'),
	(37, 'CNTT'),
	(74, 'CNTT'),
	(75, 'CNTT'),
	(20, 'CNTT'),
	(76, 'CNTT'),
	(77, 'CNTT'),
	(21, 'CNTT'),
	(56, 'CNTT'),
	(5, 'CNTT'),
	(78, 'CNTT'),
	(79, 'CNTT'),
	(80, 'CNTT'),
	(65, 'CNTT'),
	(81, 'CNTT'),
	(82, 'CNTT'),
	(83, 'CNTT');

-- Dumping data for table kientrucdb.course_openings: ~9 rows (approximately)
INSERT INTO `course_openings` (`course_opening_id`, `hocky`) VALUES
	(1, 'Học kỳ 1 (2021-2022)'),
	(2, 'Học kỳ 2 (2021-2022)'),
	(3, 'Học kỳ 3 (2022-2023)'),
	(4, 'Học kỳ 4 (2022-2023)'),
	(5, 'Học kỳ 5 (2023-2024)'),
	(6, 'Học kỳ 6 (2023-2024)'),
	(7, 'Học kỳ 7 (2024-2025)'),
	(8, 'Học kỳ 8 (2024-2025)'),
	(9, 'Học kỳ 9 (2025-2026)');

-- Dumping data for table kientrucdb.enrollments: ~7 rows (approximately)
INSERT INTO `enrollments` (`ngay_ket_thuc`, `ngay_bat_dau`, `hoc_ki`, `student_id`, `class_id`, `result_course_result_course_id`) VALUES
	('2021-11-27', '2021-11-22', 'Học kỳ 1 (2021-2022)', 1, 4, 1),
	('2021-08-18', '2021-12-10', 'Học kỳ 1 (2021-2022)', 1, 5, 2),
	('2021-08-18', '2021-12-15', 'Học kỳ 1 (2021-2022)', 1, 6, 3),
	('2021-08-18', '2021-12-20', 'Học kỳ 1 (2021-2022)', 1, 7, 4),
	('2021-08-18', '2021-12-12', 'Học kỳ 1 (2021-2022)', 1, 8, 5),
	('2021-08-18', '2021-12-17', 'Học kỳ 1 (2021-2022)', 1, 9, 6),
	('2021-08-18', '2021-12-19', 'Học kỳ 1 (2021-2022)', 1, 10, 7);

-- Dumping data for table kientrucdb.result_courses: ~7 rows (approximately)
INSERT INTO `result_courses` (`result_course_id`, `diem_cuoi_ki`, `diem_giua_ki`, `diem_tong_ket`, `ghi_chu`, `trang_thai`) VALUES
	(1, 7.5, 7, 7.25, NULL, 'Đạt'),
	(2, 7, 7, 7.2, NULL, 'Đạt'),
	(3, 7, 8, 7.5, NULL, 'Đạt'),
	(4, 9, 9, 9, NULL, 'Đạt'),
	(5, 8, 8.5, 8.2, NULL, 'Đạt'),
	(6, 8.5, 8.5, 8.6, NULL, 'Đạt'),
	(7, 8, 8, 8.1, NULL, 'Đạt');

-- Dumping data for table kientrucdb.result_course_diem_thuc_hanh: ~2 rows (approximately)
INSERT INTO `result_course_diem_thuc_hanh` (`result_course_result_course_id`, `diem_thuc_hanh`) VALUES
	(2, 8),
	(4, 9);

-- Dumping data for table kientrucdb.result_course_diem_thuong_ki: ~5 rows (approximately)
INSERT INTO `result_course_diem_thuong_ki` (`result_course_result_course_id`, `diem_thuong_ki`) VALUES
	(1, 7),
	(3, 8),
	(5, 8),
	(6, 9),
	(7, 8.5);

-- Dumping data for table kientrucdb.schedules: ~24 rows (approximately)
INSERT INTO `schedules` (`schedule_id`, `ghi_chu`, `loai_lich`, `phong_hoc`, `thu`, `tiet_hoc`, `class_id`) VALUES
	(1, NULL, 'Lý thuyết', 'X11.07', 'MONDAY', '1-3', 1),
	(2, NULL, 'Thực hành', 'H9.02', 'WEDNESDAY', '1-3', 1),
	(3, NULL, 'Lý thuyết', 'X11.07', 'MONDAY', '3-4', 2),
	(4, NULL, 'Thực hành', 'H9.02', 'WEDNESDAY', '3-4', 2),
	(5, NULL, 'Lý thuyết', 'X11.08', 'MONDAY', '7-9', 3),
	(6, NULL, 'Thực hành', 'H9.02', 'WEDNESDAY', '7-9', 3),
	(7, NULL, 'Lý thuyết', 'X11.07', 'TUESDAY', '1-3', 11),
	(8, NULL, 'Lý thuyết', 'X11.09', 'TUESDAY', '7-9', 12),
	(9, NULL, 'Lý thuyết', 'X11.09', 'TUESDAY', '10-12', 13),
	(10, NULL, 'Thực hành', 'H9.02', 'THURSDAY', '10-12', 11),
	(11, NULL, 'Thực hành', 'H8.02', 'THURSDAY', '7-9', 12),
	(12, NULL, 'Thực hành', 'H8.02', 'FRIDAY', '7-9', 13),
	(13, NULL, 'Thực hành', 'Nhà văn hóa', 'THURSDAY', '1-3', 14),
	(14, NULL, 'Thực hành', 'Nhà văn hóa', 'THURSDAY', '4-6', 15),
	(15, NULL, 'Thực hành', 'Nhà văn hóa', 'THURSDAY', '10-12', 16),
	(16, NULL, 'Thực hành', 'Nhà văn hóa', 'FRIDAY', '1-3', 17),
	(17, NULL, 'Thực hành', 'Nhà văn hóa', 'FRIDAY', '4-6', 18),
	(18, NULL, 'Thực hành', 'Nhà văn hóa', 'SUNDAY', '7-9', 19),
	(19, NULL, 'Lý thuyết', 'V6.02', 'TUESDAY', '7-9', 20),
	(20, NULL, 'Lý thuyết', 'V6.02', 'TUESDAY', '10-12', 21),
	(21, NULL, 'Lý thuyết', 'V6.02', 'THURSDAY', '10-12', 22),
	(22, 'Teams: 28zc14v', 'Trực tuyến', 'Trực tuyến (MS Teams)', 'SUNDAY', '1-3', 23),
	(23, 'Teams: 28zc14a', 'Trực tuyến', 'Trực tuyến (MS Teams)', 'SUNDAY', '7-9', 24),
	(24, 'Teams: 28zc14b', 'Trực tuyến', 'Trực tuyến (MS Teams)', 'SUNDAY', '10-12', 25);

-- Dumping data for table kientrucdb.students: ~15 rows (approximately)
INSERT INTO `students` (`bac_dao_tao`, `chuyen_nganh`, `loai_hinh_dao_tao`, `lop_hoc`, `ngay_vao_truong`, `nien_khoa`, `user_id`) VALUES
	('Đại học', 'Khoa học Máy tính', 'Đại trà', 'CNTT01', '2018-09-01', '2018-2022', 1),
	('Đại học', 'Kỹ thuật phần mềm', 'Đại trà', 'DTE01', '2019-09-01', '2019-2023', 2),
	('Đại học', 'Khoa học Máy tính', 'Chất lượng cao', 'KT01', '2017-09-01', '2017-2021', 3),
	('Đại học', 'Kỹ thuật phần mềm', 'Đại trà', 'YH01', '2017-09-01', '2018-2022', 4),
	('Đại học', 'Khoa học Máy tính', 'Chất lượng cao', 'LH01', '2017-09-01', '2017-2021', 5),
	('Đại học', 'Khoa học Máy tính', 'Đại trà', 'NNH01', '2019-09-01', '2019-2023', 6),
	('Đại học', 'Kỹ thuật Môi trường', 'Đại trà', 'KTM01', '2018-09-01', '2018-2022', 7),
	('Đại học', 'Công nghệ thông tin', 'Đại trà', 'SH01', '2017-09-01', '2017-2021', 8),
	('Đại học', 'Kỹ thuật phần mềm', 'Đại trà', 'KTHTGT01', '2019-09-01', '2019-2023', 9),
	('Đại học', 'Công nghệ thông tin', 'Đại trà', 'VL01', '2018-09-01', '2018-2022', 10),
	('Đại học', 'Hệ thống thông tin', 'Đại trà', 'QTKD01', '2017-09-01', '2017-2021', 11),
	('Đại học', 'Hệ thống thông tin', 'Đại trà', 'DL01', '2019-09-01', '2019-2023', 12),
	('Đại học', 'Lịch sử', 'Đại trà', 'LS01', '2018-09-01', '2018-2022', 13),
	('Đại học', 'Công nghệ thông tin', 'Đại trà', 'KTHTGT01', '2018-09-01', '2018-2022', 14),
	('Đại học', 'Kỹ thuật phần mềm', 'Đại trà', 'CNTT01', '2017-09-01', '2017-2021', 15);

-- Dumping data for table kientrucdb.teachers: ~16 rows (approximately)
INSERT INTO `teachers` (`teacher_id`, `cccd`, `chuyen_nganh`, `dia_chi`, `email`, `gioi_tinh`, `ho_ten`, `khoa`, `ngay_sinh`, `ngay_vao_truong`, `sdt`, `trang_thai`, `trinh_do_hoc_van`) VALUES
	(1, '098765432', 'Khoa học Máy tính', '456 Đường Lê Lai, Quận 1, Thành phố Hồ Chí Minh', 'nguyenvana@example.com', b'1', 'Nguyễn Văn A', 'Khoa Công Nghệ Thông Tin', '1975-05-15', '2000-09-01', '0987654321', b'1', 'Tiến sĩ'),
	(2, '123456789', 'Kỹ thuật phần mềm', '789 Đường Trần Hưng Đạo, Quận 5, Thành phố Hồ Chí Minh', 'tranducbinh@example.com', b'1', 'Trần Đức Bình', 'Khoa Công Nghệ Thông Tin', '1980-10-10', '2005-09-01', '0981234567', b'1', 'Tiến sĩ'),
	(3, '234567890', 'Công nghệ thông tin', '101 Đường Nguyễn Thị Minh Khai, Quận 1, Thành phố Hồ Chí Minh', 'levancuong@example.com', b'1', 'Lê Văn Cường', 'Khoa Công Nghệ Thông Tin', '1978-01-20', '2002-09-01', '0976543210', b'1', 'Tiến sĩ'),
	(4, '345678901', 'Hệ thống thông tin', '445 Đường Nguyễn Công Trứ, Quận 1, Thành phố Hồ Chí Minh', 'phamthidao@example.com', b'0', 'Phạm Thị Đào', 'Khoa Công Nghệ Thông Tin', '1980-12-05', '2006-09-01', '0965432109', b'1', 'Tiến sĩ'),
	(5, '456789012', 'Kỹ thuật phần mềm', '112 Đường Nguyễn Hữu Cảnh, Quận Bình Thạnh, Thành phố Hồ Chí Minh', 'nguyenthanhduy@example.com', b'1', 'Nguyễn Thanh Duy', 'Khoa Công Nghệ Thông Tin', '1985-06-25', '2010-09-01', '0954321098', b'1', 'Tiến sĩ'),
	(6, '567890123', 'Kỹ thuật phần mềm', '223 Đường Điện Biên Phủ, Quận 3, Thành phố Hồ Chí Minh', 'tranl@example.com', b'0', 'Trần Thị Lan', 'Khoa Công Nghệ Thông Tin', '1979-08-12', '2003-09-01', '0943210987', b'1', 'Tiến sĩ'),
	(7, '678901234', 'Kỹ thuật phần mềm', '334 Đường Nguyễn Văn Linh, Quận 7, Thành phố Hồ Chí Minh', 'hoangvanlong@example.com', b'1', 'Hoàng Văn Long', 'Khoa Công Nghệ Thông Tin', '1981-03-30', '2007-09-01', '0932109876', b'1', 'Tiến sĩ'),
	(8, '789012345', 'Kỹ thuật phần mềm', '556 Đường Nguyễn Văn Linh, Quận 7, Thành phố Hồ Chí Minh', 'lethimai@example.com', b'0', 'Lê Thị Mai', 'Khoa Công Nghệ Thông Tin', '1979-09-18', '2001-09-01', '0921098765', b'1', 'Tiến sĩ'),
	(9, '890123456', 'Kỹ thuật phần mềm', '667 Đường Nguyễn Thị Minh Khai, Quận 3, Thành phố Hồ Chí Minh', 'phamthimai@example.com', b'0', 'Phạm Thị Mai', 'Khoa Công Nghệ Thông Tin', '1981-02-14', '2008-09-01', '0865432109', b'1', 'Tiến sĩ'),
	(10, '901234567', 'Kỹ thuật phần mềm', '223 Đường Lê Lợi, Quận 1, Thành phố Hồ Chí Minh', 'dangvietdung@example.com', b'1', 'Đặng Viết Dũng', 'Khoa Công Nghệ Thông Tin', '1980-04-03', '2006-09-01', '0978012345', b'1', 'Tiến sĩ'),
	(11, '901234567890', 'Giáo dục thể chất', '606 Đường I, Quận 9, TP.HCM', 'dinhhoang@example.com', b'1', 'Trần Đình Hoàng', 'Khoa Giáo dục thể chất', '1984-09-09', '2018-05-01', '0989012345', b'1', 'Thạc sĩ'),
	(12, '056477128941', 'Giáo dục quốc phòng', '707 Đường J, Quận 10, TP.HCM', 'lehoangphi@example.com', b'1', 'Lê Hoàng Phi', 'Khoa Giáo dục quốc phòng', '1998-10-10', '2019-06-01', '0990123456', b'1', 'Tiến sĩ'),
	(13, '890123456789', 'Công nghệ thông tin', '505 Đường H, Quận 8, TP.HCM', 'tranminhnhat@example.com', b'1', 'Trần Minh Nhật', 'Khoa Tin học', '1989-08-08', '2017-04-01', '0978901234', b'1', 'Tiến sĩ'),
	(14, '123456789012', 'Toán học', '123 Đường A, Quận 1, TP.HCM', 'thuha@example.com', b'0', 'Nguyễn Thị Thu Hà', 'Khoa Toán', '1980-01-01', '2010-09-01', '0901234567', b'1', 'Tiến sĩ'),
	(15, '345678901234', 'Kỹ năng mềm', '789 Đường C, Quận 3, TP.HCM', 'thuhien@example.com', b'0', 'Bạch Thị Thu Hiền', 'Khoa Kỹ Năng Và Ứng Dụng', '1990-03-03', '2012-11-01', '0923456789', b'1', 'Tiến sĩ'),
	(16, '456789012345', 'Triết Học', '101 Đường D, Quận 4, TP.HCM', 'minhphuong@example.com', b'0', 'Đặng Thị Minh Phượng', 'Khoa Triết', '1982-04-04', '2013-12-01', '0934567890', b'1', 'Tiến sĩ');

-- Dumping data for table kientrucdb.users: ~29 rows (approximately)
INSERT INTO `users` (`user_id`, `cccd`, `dia_chi`, `email`, `gioi_tinh`, `ho_ten`, `khoa`, `ngay_sinh`, `sdt`, `trang_thai`) VALUES
	(1, '012345678', '123 Đường Lê Lợi, Quận 1, Thành phố Hồ Chí Minh', 'nguyenvanan@example.com', b'1', 'Nguyễn Văn An', 'Khoa Công Nghệ Thông Tin', '2001-10-10', '0987654321', 'Đang học'),
	(2, '123456789', '456 Đường Nguyễn Văn Linh, Quận 7, Thành phố Hồ Chí Minh', 'trandabinh@example.com', b'0', 'Trần Thị Bình', 'Khoa Công Nghệ Thông Tin', '2001-05-15', '0981234567', 'Đang học'),
	(3, '234567890', '789 Đường Nguyễn Thị Minh Khai, Quận 3, Thành phố Hồ Chí Minh', 'levancuong@example.com', b'1', 'Lê Văn Cường', 'Khoa Công Nghệ Thông Tin', '2003-01-20', '0976543210', 'Đang học'),
	(4, '345678901', '101 Đường Nguyễn Thị Thập, Quận 7, Thành phố Hồ Chí Minh', 'phamthidao@example.com', b'0', 'Phạm Thị Đào', 'Khoa Công Nghệ Thông Tin', '0000-00-00', '0965432109', 'Đang học'),
	(5, '456789012', '112 Đường Nguyễn Hữu Cảnh, Quận Bình Thạnh, Thành phố Hồ Chí Minh', 'nguyenthanhduy@example.com', b'1', 'Nguyễn Thanh Duy', 'Khoa Công Nghệ Thông Tin', '2003-06-25', '0954321098', 'Đang học'),
	(6, '567890123', '223 Đường Điện Biên Phủ, Quận 3, Thành phố Hồ Chí Minh', 'tranl@example.com', b'0', 'Trần Thị Lan', 'Khoa Công Nghệ Thông Tin', '2003-08-12', '0943210987', 'Đang học'),
	(7, '678901234', '334 Đường Nguyễn Văn Linh, Quận 7, Thành phố Hồ Chí Minh', 'hoangvanlong@example.com', b'1', 'Hoàng Văn Long', 'Khoa Công Nghệ Thông Tin', '2003-03-30', '0932109876', 'Đang học'),
	(8, '789012345', '445 Đường Nguyễn Công Trứ, Quận 1, Thành phố Hồ Chí Minh', 'lethimai@example.com', b'0', 'Lê Thị Mai', 'Khoa Công Nghệ Thông Tin', '2003-09-18', '0921098765', 'Đang học'),
	(9, '890123456', '556 Đường Nguyễn Thị Minh Khai, Quận 3, Thành phố Hồ Chí Minh', 'nguyenvannam@example.com', b'1', 'Nguyễn Văn Nam', 'Khoa Công Nghệ Thông Tin', '2000-08-04', '0910987654', 'Đang học'),
	(10, '901234567', '667 Đường Đinh Tiên Hoàng, Quận Bình Thạnh, Thành phố Hồ Chí Minh', 'phamthihuong@example.com', b'0', 'Phạm Thị Hương', 'Khoa Công Nghệ Thông Tin', '2000-02-11', '0909876543', 'Đang học'),
	(11, '012245678', '778 Đường Bạch Đằng, Quận 1, Thành phố Hồ Chí Minh', 'tranvantung@example.com', b'1', 'Trần Văn Tùng', 'Khoa Y dược học', '2000-07-21', '0898765432', 'Đang học'),
	(12, '123456788', '889 Đường Lê Duẩn, Quận 1, Thành phố Hồ Chí Minh', 'nguyenthiha@example.com', b'0', 'Nguyễn Thị Hà', 'Khoa Điện tử - Viễn thông', '2000-03-16', '0887654321', 'Đang học'),
	(13, '234567891', '990 Đường Điện Biên Phủ, Quận 3, Thành phố Hồ Chí Minh', 'levantam@example.com', b'1', 'Lê Văn Tâm', 'Khoa Khoa học Xã hội và Nhân văn', '2001-12-28', '0876543210', 'Đang học'),
	(14, '345678905', '1122 Đường Nguyễn Văn Cừ, Quận 5, Thành phố Hồ Chí Minh', 'phamthimai@example.com', b'0', 'Phạm Thị Mai', 'Khoa Kỹ thuật Hạ tầng giao thông', '2001-02-14', '0876543210', 'Đang học'),
	(15, '456789018', '1234 Đường Huỳnh Tấn Phát, Quận 7, Thành phố Hồ Chí Minh', 'trant@example.com', b'1', 'Trần Thế Tài', 'Khoa Khoa học Máy tính', '2001-09-30', '0854321098', 'Đang học'),
	(16, '056203000497', '96 Bình Thạnh, Tp.Hồ Chí Minh', 'quanghung@gmail.com', b'1', 'Trần Quang Hùng', 'Khoa Công Nghệ Thông Tin', '1999-05-17', '0977637656', 'Đang làm'),
	(17, '056300032998', '12 Nguyễn Văn Bảo, phường 4, gò vấp, Tp.Hồ Chí Minh', 'kimtuyen@gmail.com', b'0', 'Lê Thị Kim Tuyền', 'Khoa Ngoại Ngữ', '1997-08-20', '0355297461', 'Đang làm'),
	(18, '056177832146', '456 Lê Văn Thọ, phường 14, gò vấp, Tp.Hồ Chí Minh', 'duyquang@gmail.com', b'1', 'Trần Duy Quang', 'Khoa Công Nghệ Thông Tin', '1998-03-07', '0364412653', 'Đang làm'),
	(19, '056399123441', '104 Trần Bá Giao, phường 5, gò vấp, Tp.Hồ Chí Minh', 'ledung@gmail.com', b'0', 'Lê Nguyễn Kim Dung', 'Khoa Ngoại Ngữ', '1988-07-25', '0982117541', 'Đang làm'),
	(20, '056122785442', '111 Bùi Đình Túy, Bình Thạnh, Tp.Hồ Chí Minh', 'ngoclan@gmail.com', b'1', 'Trương Ngọc Lân', 'Khoa Lý Luận - Chính Trị', '1993-06-20', '0357721468', 'Đang làm'),
	(21, '056344512286', '782 Phan Văn Trị, Gò Vấp, Tp.Hồ Chí Minh', 'ngocdiem', b'0', 'Lê Hoàng Ngọc Diễm', 'Khoa Kỹ năng và Ứng dụng', '1992-04-11', '0324618851', 'Đang làm'),
	(22, '056299874651', '12 Nguyễn Kiệm, gò vấp, Tp.Hồ Chí Minh', 'kimtoa@gmail.com', b'0', 'Nguyễn Kim Tỏa', 'Khoa Công Nghệ May - Thời Trang', '1990-02-08', '0374416621', 'Đang làm'),
	(23, '056388242211', '37 Nguyễn Xí, Bình Thạnh, Tp.Hồ Chí Minh', 'minhtuyen', b'0', 'Đặng Thị Minh Tuyền', 'Khoa Triết', '1991-03-24', '0882771460', 'Đang làm'),
	(24, '056144783361', '11 Lê Văn Chí, Thủ Đức', 'minhtrong', b'1', 'Trần Minh Trọng', 'Khoa Công Nghệ Nhiệt Lạnh', '1982-05-15', '0771664352', 'Đang làm'),
	(25, '056311103374', '337 Thống Nhất, phường 11, gò vấp', 'thetrung@gmail.com', b'1', 'Lê Thế Trung', 'Khoa Giáo dục - Quốc phòng', '1985-06-11', '0977668221', 'Đang làm'),
	(26, '056411228796', '55 Phan Văn Trị, gò vấp', 'minhtrang@gmail.com', b'0', 'Bùi Thị Minh Trang', 'Khoa Công Nghệ Hóa Học', '1990-08-08', '032991467', 'Đang làm'),
	(27, '056144576812', '397 Đinh Bộ Lĩnh, Bình Thạnh', 'hoangnhi@gmail.com', b'0', 'Phan Hoàng Nhi', 'Khoa Luật', '1991-05-17', '0374421657', 'Đang làm'),
	(28, '056255783211', '6 Phạm Văn Đồng', 'duyluan', b'1', 'Hoàng Duy Luân', 'Khoa Toán', '1995-04-13', '0967335140', 'Đang làm'),
	(29, '056155976642', '4 Nguyễn Văn Khối, gò vấp', 'ngoctuyet@gmail.com', b'0', 'Lê Ngọc Tuyết', 'Khoa Kế Toán', '1996-01-17', '0372286541', 'Đang làm');

/*!40103 SET TIME_ZONE=IFNULL(@OLD_TIME_ZONE, 'system') */;
/*!40101 SET SQL_MODE=IFNULL(@OLD_SQL_MODE, '') */;
/*!40014 SET FOREIGN_KEY_CHECKS=IFNULL(@OLD_FOREIGN_KEY_CHECKS, 1) */;
/*!40101 SET CHARACTER_SET_CLIENT=@OLD_CHARACTER_SET_CLIENT */;
/*!40111 SET SQL_NOTES=IFNULL(@OLD_SQL_NOTES, 1) */;
